{
  "experiment": "commons_ppo",
  "n_episodes": 500,
  "reward_mean": -26.898973475340576,
  "reward_std": 2.1866450670151614,
  "reward_history": [
    -26.810909976011267,
    -23.593710018067263,
    -26.64812474744997,
    -27.004076488453165,
    -28.79459076937821,
    -21.664362809267843,
    -25.764293186024997,
    -27.030102251913643,
    -28.978059799738805,
    -27.562052189560596,
    -26.315549646868295,
    -28.868509195931296,
    -27.572047438394737,
    -28.04817739614549,
    -25.05745332064967,
    -24.628274636346767,
    -28.07327368513906,
    -28.336130931099376,
    -27.923045207350423,
    -23.519782952705782,
    -27.128967682614956,
    -26.52479009717502,
    -28.100934571460783,
    -28.32035864012287,
    -24.63696802709705,
    -28.670834086534626,
    -29.97516951427993,
    -25.979139469397467,
    -26.98035906181546,
    -22.210193295626883,
    -27.073161648247197,
    -22.559359034503125,
    -19.083861632843398,
    -19.312325739837377,
    -25.015740397393966,
    -27.828011004958206,
    -26.22943616975639,
    -24.23013642488973,
    -24.346440200440846,
    -26.496530758208603,
    -24.521429009538643,
    -28.264854029367672,
    -25.12087085453037,
    -25.264402091373096,
    -27.22196421459973,
    -27.188517701045633,
    -25.91574926775341,
    -28.289186377920355,
    -27.114654180423507,
    -24.806082818537043,
    -21.719770591265426,
    -23.414983939085406,
    -28.543307632430743,
    -28.074526933912942,
    -19.31271546908703,
    -26.88053317055728,
    -24.14561872400128,
    -22.709404813196297,
    -26.894885569536804,
    -29.139364482246254,
    -25.6608453171836,
    -27.98923275007553,
    -26.813867722713432,
    -25.93480152893526,
    -28.476625658435616,
    -24.004324816220084,
    -27.68010013007494,
    -29.53925196406475,
    -23.800942750817715,
    -28.453114322451164,
    -26.27278187228447,
    -28.296126625357658,
    -24.16149396315408,
    -28.92610020255725,
    -27.274766590547568,
    -25.763168882570437,
    -25.558251917823064,
    -27.41632834650166,
    -24.159854410603952,
    -27.279455554127402,
    -27.43724871069393,
    -28.70692059039377,
    -25.716218538280465,
    -27.58218473957885,
    -26.335167129621038,
    -22.738262615695643,
    -27.200247769288694,
    -25.735940541902004,
    -27.105698086337885,
    -24.320131393008687,
    -28.247210849678254,
    -26.398073213406384,
    -28.098304660018243,
    -26.044759631909677,
    -25.666805970621105,
    -22.984237301863764,
    -25.54349926087659,
    -21.279258656408622,
    -28.786259756507473,
    -25.19402191808446,
    -24.18988840154261,
    -26.521364380567483,
    -25.1773224980492,
    -28.93578280438898,
    -29.218848574492846,
    -26.111032150334843,
    -25.25378072701892,
    -28.42623492829818,
    -29.40602182355567,
    -29.29887565028929,
    -27.71053372133352,
    -25.631244250808283,
    -26.51532925339824,
    -28.542968264439935,
    -22.382086724974293,
    -23.543790341982504,
    -26.04876934747214,
    -28.731663808993424,
    -25.947845142050777,
    -27.739622952017054,
    -27.692218554707942,
    -26.619998919985893,
    -25.423692019264404,
    -24.20526963700071,
    -22.906740209752538,
    -29.089865879763835,
    -25.774637363849372,
    -25.603088539580803,
    -23.150130579277832,
    -28.559116404567295,
    -25.414847918703494,
    -23.875624630517617,
    -26.060064736800598,
    -22.697113120984774,
    -25.81053680001428,
    -26.253267559086943,
    -26.19118172278261,
    -25.68498751749221,
    -26.715365422547897,
    -25.54347798819658,
    -24.156294659592056,
    -27.034434084379093,
    -25.086474879317034,
    -27.766776137843323,
    -24.828533122128444,
    -26.05774388239911,
    -23.41022096275668,
    -25.413110293096963,
    -24.356046537853487,
    -29.934264374726855,
    -26.11917909459217,
    -26.156717715078553,
    -25.497127678465397,
    -27.88744481555551,
    -27.62584447443798,
    -25.525728832207204,
    -27.92854207342153,
    -28.97495699763425,
    -26.728527686147324,
    -26.686523534246994,
    -21.62863662893701,
    -29.399015932124495,
    -26.847786089023344,
    -27.023603018545465,
    -27.377865693158036,
    -27.654128294841748,
    -26.772150771723147,
    -29.486718817380353,
    -25.379247704601717,
    -24.71715277799521,
    -26.972607965120623,
    -24.75321278975893,
    -24.279152312494553,
    -26.64934320316771,
    -25.547195262689847,
    -23.769943218196893,
    -27.303629176431826,
    -29.215882518939473,
    -27.113405927034933,
    -26.38625036187518,
    -24.906700223691736,
    -25.722373822698607,
    -25.20232568262035,
    -23.914763800771503,
    -27.20920236083156,
    -27.785485443017336,
    -26.16284812252037,
    -24.440861125787936,
    -26.07128582375849,
    -25.71968044885437,
    -24.41645189114403,
    -21.757361057752878,
    -25.69506207679433,
    -23.305754667245687,
    -26.20017113814193,
    -28.38351021356929,
    -17.51888304851459,
    -28.17484952128522,
    -22.36499135855117,
    -25.237243299308478,
    -27.732961306788518,
    -24.900911252929074,
    -27.382512823906815,
    -26.199908779366183,
    -21.87060670592439,
    -25.12807990921069,
    -25.55965342385135,
    -23.661418856288016,
    -25.27874983297494,
    -24.62260050909906,
    -25.491870658660055,
    -25.366391173773795,
    -28.433220991991437,
    -24.147623548585806,
    -25.13248146084575,
    -28.149413864205634,
    -23.057628194949434,
    -27.767462400835804,
    -27.378472177087623,
    -27.715690153239855,
    -28.260169090644276,
    -25.366683455096446,
    -24.944534101103308,
    -26.75673676323612,
    -26.179800949654428,
    -25.255230764275364,
    -25.110436776238817,
    -28.25103174568273,
    -28.56137709668219,
    -25.047466058364144,
    -25.57995497187529,
    -24.814734559548118,
    -25.884996803889557,
    -28.353037093453395,
    -28.354541664655567,
    -27.12144268412404,
    -27.731714046988145,
    -27.207102181249308,
    -25.31807753962236,
    -27.897856938736634,
    -24.773006298470982,
    -26.62816238815322,
    -25.313237462640892,
    -25.94189874322264,
    -23.05841148718439,
    -22.4837183316259,
    -23.386764792276985,
    -27.06450680962695,
    -27.951117527703595,
    -29.53642851858258,
    -26.68735716662141,
    -28.27672022791112,
    -27.86127125505133,
    -26.398636620337232,
    -28.770320354364213,
    -26.00707504253928,
    -24.08803485673159,
    -26.021171552227777,
    -27.523850171062428,
    -27.28504786337636,
    -22.788890082764933,
    -27.75973969227345,
    -26.150718154357644,
    -26.530663835150353,
    -26.247945733171832,
    -24.92745902635184,
    -25.839968632235205,
    -29.112557636371452,
    -29.186551063473722,
    -27.47359104325402,
    -26.904097054307726,
    -26.24097274628064,
    -24.683314988421888,
    -26.445608688721144,
    -25.803055490626758,
    -27.753081290781516,
    -22.247162081126298,
    -26.696202239134927,
    -22.036175157943365,
    -22.340054946482702,
    -28.38858263803532,
    -27.879270919471615,
    -28.65788921505772,
    -25.965321584212056,
    -28.29623227816781,
    -28.822440784477322,
    -29.475757424266952,
    -29.8363076701143,
    -25.873716372155137,
    -25.932292842656373,
    -27.480176148716367,
    -26.45447281053931,
    -26.174678535114204,
    -29.168231753044914,
    -26.707621903637992,
    -27.684976896786885,
    -27.481034611444738,
    -28.375061208890763,
    -24.742542978906773,
    -23.44075801004893,
    -27.534487109816105,
    -27.43110183825006,
    -25.231747684692653,
    -24.604392324030705,
    -25.48341019666764,
    -24.424362048096743,
    -27.568322838112,
    -27.314822080357203,
    -28.226089708788756,
    -24.644521483903418,
    -26.882499390090924,
    -27.149705749058967,
    -27.080214551696002,
    -27.827402700725468,
    -30.02763114216584,
    -24.677599066461557,
    -26.64664812787271,
    -23.838144465730664,
